Track Name,Lap Time (s),Formatted Time,Avg Speed (km/h),Status
MC-1929,,DNF,0.0,DNF (Timeout at 5739 steps)
AZ-2016,,DNF,0.0,DNF (Timeout at 10103 steps)
NL-1948,,DNF,0.0,DNF (Timeout at 7292 steps)
IT-1953,,DNF,0.0,DNF (Timeout at 8367 steps)
HU-1986,,DNF,0.0,DNF (Timeout at 7497 steps)
SG-2008,,DNF,0.0,DNF (Timeout at 8437 steps)
SA-2021,,DNF,0.0,DNF (Timeout at 10528 steps)
PT-1972,,DNF,0.0,DNF (Timeout at 7146 steps)
FR-1960,,DNF,0.0,DNF (Timeout at 7631 steps)
AU-1953,,DNF,0.0,DNF (Timeout at 8991 steps)
CA-1978,,DNF,0.0,DNF (Timeout at 7477 steps)
AT-1969,,DNF,0.0,DNF (Timeout at 7375 steps)
JP-1962,,DNF,0.0,DNF (Timeout at 9888 steps)
MX-1962,,DNF,0.0,DNF (Timeout at 7373 steps)
BR-1940,,DNF,0.0,DNF (Timeout at 7366 steps)
BR-1977,,DNF,0.0,DNF (Timeout at 8468 steps)
AR-1952,,DNF,0.0,DNF (Timeout at 7356 steps)
ZA-1961,,DNF,0.0,DNF (Timeout at 7735 steps)
US-1956,,DNF,0.0,DNF (Timeout at 9284 steps)
US-2022,,DNF,0.0,DNF (Timeout at 9223 steps)
US-2023,,DNF,0.0,DNF (Timeout at 10567 steps)
ES-2026,,DNF,0.0,DNF (Timeout at 9246 steps)
DE-1927,,DNF,0.0,DNF (Timeout at 8760 steps)
DE-1932,,DNF,0.0,DNF (Timeout at 7793 steps)
IT-1914,,DNF,0.0,DNF (Timeout at 8940 steps)
BE-1925,,DNF,0.0,DNF (Timeout at 11833 steps)
IT-1922,,DNF,0.0,DNF (Timeout at 9851 steps)
ES-1991,,DNF,0.0,DNF (Timeout at 7978 steps)
AE-2009,,DNF,0.0,DNF (Timeout at 9024 steps)
PT-2008,,DNF,0.0,DNF (Timeout at 7954 steps)
TR-2005,,DNF,0.0,DNF (Timeout at 9042 steps)
RU-2014,,DNF,0.0,DNF (Timeout at 9921 steps)
QA-2004,,DNF,0.0,DNF (Timeout at 9236 steps)
US-1909,,DNF,0.0,DNF (Timeout at 7009 steps)
GB-1948,,DNF,0.0,DNF (Timeout at 9995 steps)
BH-2002,,DNF,0.0,DNF (Timeout at 9232 steps)
CN-2004,,DNF,0.0,DNF (Timeout at 9280 steps)
US-2012,,DNF,0.0,DNF (Timeout at 9401 steps)
MY-1999,,DNF,0.0,DNF (Timeout at 9449 steps)
FR-1969,,DNF,0.0,DNF (Timeout at 9898 steps)
